NAME_CLEAN,DEPT_CLEAN,count,min,max,mean,std,percentile_10,percentile_90,percentile_25,percentile_75,range,frost_risk,extreme_cold,risk_level
BAGUA,AMAZONAS,190,10.901890754699707,22.087480545043945,19.33663779810855,1.9567265252798096,16.6166934967041,21.294218063354492,18.510414123535156,20.76764488220215,11.185589790344238,0,0,Low
BONGARA,AMAZONAS,91,9.859993934631348,20.776639938354492,14.670324304601648,2.431620290193083,11.541399955749512,17.963830947875977,12.961240768432617,16.170833587646484,10.916646003723145,0,0,Low
CHACHAPOYAS,AMAZONAS,99,5.607545375823975,19.02525520324707,10.71783262310606,2.7445748497944353,7.516414642333984,13.747759819030762,8.915202140808105,12.023265838623047,13.417709827423096,0,0,Low
CONDORCANQUI,AMAZONAS,582,15.681556701660156,23.35712242126465,21.287401336984537,1.670605304753829,18.88920783996582,23.147808074951172,20.211971282958984,22.689598083496094,7.675565719604492,0,0,Low
LUYA,AMAZONAS,110,7.517242908477783,19.17494010925293,12.784175248579546,3.0627112081956755,9.094566345214844,17.626605987548828,10.260879516601562,15.18618392944336,11.657697200775146,0,0,Low
RODRIGUEZ DE MENDOZA,AMAZONAS,89,7.047573566436768,16.90059471130371,12.535326325491573,2.2718381847990146,9.317143440246582,15.209378242492676,11.053641319274902,14.17587947845459,9.853021144866943,0,0,Low
UTCUBAMBA,AMAZONAS,124,9.55557918548584,21.476715087890625,16.412113312752016,3.135674148118873,12.190793991088867,20.747539520263672,13.92275619506836,19.077747344970703,11.921135902404785,0,0,Low
AIJA,ANCASH,21,2.165280818939209,16.71337127685547,6.678297496977306,4.331755775138517,2.916264295578003,13.703295707702637,3.6595706939697266,7.7027740478515625,14.54809045791626,0,0,Low
ANTONIO RAYMONDI,ANCASH,20,4.154186248779297,12.496838569641113,7.157167053222656,2.454434148531242,4.624022960662842,10.857781410217285,5.241469383239746,8.440752983093262,8.342652320861816,0,0,Low
ASUNCION,ANCASH,17,1.5445928573608398,7.942623138427734,4.035270242130055,1.80055601382282,1.9701757431030273,6.427404403686523,2.580226182937622,4.904024600982666,6.3980302810668945,0,0,Medium
BOLOGNESI,ANCASH,101,0.5294132232666016,16.351999282836914,5.3448915387144185,3.9835976718023276,2.0981249809265137,11.890445709228516,2.7716004848480225,6.498427867889404,15.822586059570312,0,0,Low
CARHUAZ,ANCASH,27,-0.11430123448371887,9.248734474182129,4.845922964590567,2.8527491370155205,1.3968981504440308,8.46644401550293,2.773557662963867,7.220502853393555,9.363035708665848,1,0,Medium
CARLOS FERMIN FITZCARRALD,ANCASH,20,4.960536956787109,12.932150840759277,8.019439697265625,2.1152206049569364,5.154412746429443,10.64177417755127,6.172224044799805,9.039419174194336,7.971613883972168,0,0,Low
CASMA,ANCASH,78,10.231221199035645,18.63296890258789,17.413934169671474,1.2567580509284244,16.04142189025879,18.415321350097656,17.18761444091797,18.1169376373291,8.401747703552246,0,0,Low
CORONGO,ANCASH,31,3.0733728408813477,14.44229507446289,7.3469824021862395,3.12711753094729,3.536393165588379,11.980865478515625,4.8434624671936035,9.870292663574219,11.368922233581543,0,0,Low
HUARAZ,ANCASH,78,0.23660634458065033,16.017166137695312,6.578126565004006,4.090921600564654,2.322300910949707,13.177889823913574,3.420400619506836,9.134261131286621,15.780559793114662,0,0,Low
HUARI,ANCASH,94,0.8102627396583557,10.957820892333984,5.269258539727393,2.3868250632460275,2.371929883956909,8.54392147064209,3.7284433841705322,7.036996364593506,10.147558152675629,0,0,Low
HUARMEY,ANCASH,133,2.41626238822937,18.29646110534668,16.28327655075188,2.860803668045857,13.08895206451416,17.956512451171875,16.521276473999023,17.74175453186035,15.88019871711731,0,0,Low
HUAYLAS,ANCASH,74,1.361254334449768,15.337420463562012,6.789099615973395,3.73360034674592,2.675689697265625,12.290940284729004,3.677666425704956,9.799341201782227,13.976166129112244,0,0,Low
MARISCAL LUZURIAGA,ANCASH,25,3.3666303157806396,11.995150566101074,7.392838134765625,2.185719846974101,4.730552673339844,10.2188138961792,5.793972492218018,9.051375389099121,8.628520250320435,0,0,Low
OCROS,ANCASH,63,1.5457900762557983,17.66838264465332,11.338705395895337,5.2474062958199506,2.5563182830810547,17.076425552368164,6.77411413192749,16.318744659423828,16.122592568397522,0,0,Low
PALLASCA,ANCASH,67,3.569465398788452,15.742754936218262,8.160540680387127,3.8336553361845294,3.880013942718506,14.008588790893555,4.535123825073242,11.690027236938477,12.17328953742981,0,0,Low
POMABAMBA,ANCASH,29,1.4473118782043457,13.2509183883667,7.311383477572737,2.7969078936973215,4.202866077423096,11.322094917297363,5.796988010406494,9.15491008758545,11.803606510162354,0,0,Low
RECUAY,ANCASH,80,1.0652989149093628,14.301774024963379,4.855211639404297,3.2005952974348557,2.133150100708008,10.260143280029297,2.687253713607788,5.70155143737793,13.236475110054016,0,0,Medium
SANTA,ANCASH,136,3.354376792907715,18.689565658569336,15.844744514016543,3.699302014858539,10.122260093688965,18.49789047241211,14.74284839630127,18.266075134277344,15.335188865661621,0,0,Low
SIHUAS,ANCASH,50,3.545435667037964,14.63744831085205,7.36576416015625,2.766724175033787,4.390658378601074,10.812226295471191,5.124871253967285,9.393173217773438,11.092012643814087,0,0,Low
YUNGAY,ANCASH,46,0.3058524429798126,14.18838882446289,6.084995435631794,3.626560371403486,2.054492950439453,10.630577087402344,3.1992690563201904,8.610458374023438,13.882536381483078,0,0,Low
ABANCAY,APURIMAC,121,0.3649989068508148,15.222323417663574,6.459951353467201,3.920273113628966,1.636600375175476,12.346244812011719,2.9733097553253174,9.566670417785645,14.85732451081276,0,0,Low
ANDAHUAYLAS,APURIMAC,134,1.637156367301941,15.225024223327637,5.789870077104711,3.086185619578628,2.5971596240997314,9.979225158691406,3.2597289085388184,7.375082492828369,13.587867856025696,0,0,Low
ANTABAMBA,APURIMAC,111,-1.771682620048523,8.207418441772461,1.5415390976914414,2.1045209486074197,-0.4947856366634369,4.6329498291015625,-0.04000811651349068,2.8050832748413086,9.979101061820984,1,0,Medium
AYMARAES,APURIMAC,139,0.17733503878116608,10.598614692687988,3.739039578883768,2.5361673282194492,1.271801471710205,7.85527229309082,1.8010369539260864,5.286861419677734,10.421279653906822,0,0,Medium
CHINCHEROS,APURIMAC,51,3.4484755992889404,14.64279842376709,8.697672526041666,3.1712706369572046,4.601952075958252,13.2439546585083,6.126056671142578,11.002599716186523,11.19432282447815,0,0,Low
COTABAMBAS,APURIMAC,87,-0.4714082181453705,11.287346839904785,3.3820043103448274,2.812695787764867,0.6824485659599304,7.081084728240967,1.2265381813049316,4.3307952880859375,11.758755058050156,1,0,Medium
GRAU,APURIMAC,70,0.06698232889175415,9.007538795471191,2.9383863176618306,2.3546035260203375,0.4989207983016968,6.783817291259766,0.8276703357696533,4.330289840698242,8.940556466579437,0,0,Medium
AREQUIPA,AREQUIPA,349,-5.134901523590088,14.978476524353027,5.813373729629298,6.407422212571321,-3.3224313259124756,12.561080932617188,-1.8161283731460571,11.922284126281738,20.113378047943115,1,0,Low
CAMANA,AREQUIPA,152,9.854565620422363,17.838457107543945,13.845346551192435,1.679142278839737,11.808412551879883,16.02401351928711,12.83880615234375,15.050085067749023,7.983891487121582,0,0,Low
CARAVELI,AREQUIPA,438,2.7046940326690674,16.972291946411133,12.145748608732877,3.099534868103098,7.115803241729736,15.665823936462402,10.319032669067383,14.561123847961426,14.267597913742065,0,0,Low
CASTILLA,AREQUIPA,263,-3.9479072093963623,15.195481300354004,5.318601194896625,6.419977517067623,-2.247861623764038,13.741264343261719,-1.0264685153961182,12.736490249633789,19.143388509750366,1,0,Low
CAYLLOMA,AREQUIPA,403,-5.922765254974365,14.469898223876953,-1.1184972569013647,3.607317954697474,-3.9930922985076904,3.8379364013671875,-3.1726455688476562,-0.6551946401596069,20.39266347885132,1,0,High
CONDESUYOS,AREQUIPA,228,-2.859440803527832,15.927338600158691,6.2662514134457235,6.126931054636193,-1.2707468271255493,14.610197067260742,0.028176303952932358,12.348191261291504,18.786779403686523,1,0,Low
ISLAY,AREQUIPA,128,10.893902778625488,17.502649307250977,14.243267059326172,1.5993528232757281,12.385080337524414,16.52956199645996,12.874665260314941,15.38387680053711,6.608746528625488,0,0,Low
LA UNION,AREQUIPA,162,-2.547424554824829,14.385818481445312,2.115112869827836,4.400990498653395,-1.6714636087417603,9.02751636505127,-1.128561019897461,4.878053188323975,16.93324303627014,1,0,Medium
CANGALLO,AYACUCHO,64,-0.5330614447593689,8.67335033416748,3.009472370147705,2.2823064494110508,0.16736873984336853,6.084889888763428,1.0819618701934814,4.34464168548584,9.20641177892685,1,0,Medium
HUAMANGA,AYACUCHO,98,-0.19017452001571655,10.888463020324707,4.875539040078922,2.6942912191970985,1.4406332969665527,8.717642784118652,2.939607858657837,6.788025856018066,11.078637540340424,1,0,Medium
HUANCA SANCOS,AYACUCHO,96,0.13740047812461853,6.575589656829834,2.730893135070801,1.347830525814263,0.983364462852478,4.393832683563232,1.8285123109817505,3.505016326904297,6.4381891787052155,0,0,Medium
HUANTA,AYACUCHO,124,1.794052243232727,19.38956642150879,9.364529517389112,5.160265498840397,3.2717392444610596,17.265634536743164,4.6544060707092285,13.308809280395508,17.595514178276062,0,0,Low
LA MAR,AYACUCHO,146,1.6675792932510376,18.64240074157715,8.500354505565069,4.585609107691777,3.447701930999756,15.461155891418457,4.371778964996338,11.783370018005371,16.97482144832611,0,0,Low
LUCANAS,AYACUCHO,489,1.9630165100097656,15.822124481201172,6.854870630432004,3.611427821550146,2.889035224914551,12.434094429016113,3.539598226547241,9.916321754455566,13.859107971191406,0,0,Low
PARINACOCHAS,AYACUCHO,196,-0.7929480075836182,13.347525596618652,4.855546600964605,3.172727900172072,1.4311230182647705,10.115533828735352,2.239927291870117,6.445072650909424,14.14047360420227,1,0,Medium
PAUCAR DEL SARA SARA,AYACUCHO,69,-0.5568745732307434,12.079625129699707,3.7359822591145835,3.3274266037680635,0.03718551620841026,8.712681770324707,0.5694660544395447,5.860302448272705,12.63649970293045,1,0,Medium
SUCRE,AYACUCHO,59,2.0226738452911377,9.901936531066895,4.947221141750529,2.0544919142788953,2.789691686630249,8.125018119812012,3.321362018585205,6.276451110839844,7.879262685775757,0,0,Medium
VICTOR FAJARDO,AYACUCHO,75,0.6414517760276794,9.399687767028809,4.269921875,2.09800810551707,2.0160462856292725,7.295056343078613,2.70552396774292,5.888660907745361,8.75823599100113,0,0,Medium
VILCAS HUAMAN,AYACUCHO,41,2.5736987590789795,10.139103889465332,5.780573030797447,2.1125570836323404,3.489224672317505,8.888909339904785,3.8450767993927,7.195987701416016,7.5654051303863525,0,0,Low
CAJABAMBA,CAJAMARCA,59,5.366689682006836,19.158597946166992,11.155282747947563,3.4739365540215212,6.779757499694824,15.182161331176758,8.174290657043457,13.585226058959961,13.791908264160156,0,0,Low
CAJAMARCA,CAJAMARCA,100,4.6048173904418945,16.74747085571289,8.437278442382812,2.9762427792352293,5.165895462036133,13.026874542236328,6.215204238891602,10.139923095703125,12.142653465270996,0,0,Low
CELENDIN,CAJAMARCA,84,5.000932693481445,18.762311935424805,10.132901146298362,3.7563871203084997,5.707040786743164,15.422709465026855,7.21034574508667,12.700675010681152,13.76137924194336,0,0,Low
CHOTA,CAJAMARCA,127,6.733508586883545,19.088014602661133,12.684229092335137,3.16224037039329,8.8285551071167,17.583980560302734,10.335966110229492,15.095684051513672,12.354506015777588,0,0,Low
CONTUMAZA,CAJAMARCA,70,8.19664478302002,19.179040908813477,15.755562918526786,3.1040181781848557,11.429070472717285,18.94855308532715,13.793241500854492,18.49321174621582,10.982396125793457,0,0,Low
CUTERVO,CAJAMARCA,100,6.736021518707275,20.14226531982422,13.93998779296875,3.1009682457569885,10.450637817382812,18.011343002319336,11.487052917480469,16.37628746032715,13.406243801116943,0,0,Low
HUALGAYOC,CAJAMARCA,27,5.263377666473389,11.391265869140625,8.332044813368055,1.630705310662306,6.2816338539123535,10.437399864196777,7.222492694854736,9.571861267089844,6.127888202667236,0,0,Low
JAEN,CAJAMARCA,169,7.985392093658447,21.4598331451416,15.34020490477071,3.343565813880601,11.508068084716797,20.38892364501953,12.87253189086914,17.6185245513916,13.474441051483154,0,0,Low
SAN IGNACIO,CAJAMARCA,160,8.898350715637207,21.17310333251953,15.923239135742188,2.6789261198517025,11.397462844848633,18.963037490844727,14.412354469299316,17.710187911987305,12.274752616882324,0,0,Low
SAN MARCOS,CAJAMARCA,42,4.685211181640625,17.3593692779541,9.977286202566964,3.0272010413532797,6.628183841705322,13.4390230178833,7.397499084472656,11.54509449005127,12.674158096313477,0,0,Low
SAN MIGUEL,CAJAMARCA,85,5.354722499847412,19.454015731811523,12.271335018382352,5.017719121789094,6.402881145477295,18.720861434936523,7.248631000518799,17.51865005493164,14.099293231964111,0,0,Low
SAN PABLO,CAJAMARCA,20,5.083132266998291,18.22242546081543,9.911735534667969,3.9792699647895895,5.920902729034424,16.19573211669922,6.484537601470947,13.10555648803711,13.139293193817139,0,0,Low
SANTA CRUZ,CAJAMARCA,43,8.158852577209473,18.148164749145508,12.669716058775435,2.334145982880498,9.772782325744629,15.336724281311035,10.794537544250488,14.060400009155273,9.989312171936035,0,0,Low
CALLAO,CALLAO,5,17.60880470275879,18.408933639526367,17.86383514404297,0.28194382146732544,17.64592742919922,18.173324584960938,17.70161247253418,17.81991195678711,0.8001289367675781,0,0,Low
ACOMAYO,CUSCO,33,-0.19768624007701874,8.093770027160645,3.886177756569602,2.081166769823594,1.4268335103988647,6.227534294128418,2.1500024795532227,5.653526782989502,8.291456267237663,1,0,Medium
ANTA,CUSCO,63,-2.024799108505249,11.873833656311035,4.057670472160218,3.4806544362537477,-0.24156075716018677,9.422595024108887,1.3709629774093628,6.060661315917969,13.898632764816284,1,0,Medium
CALCA,CUSCO,119,-1.4097927808761597,18.976167678833008,6.730972418264181,4.60450987758325,1.2972517013549805,12.76526165008545,3.267890453338623,9.560200691223145,20.385960459709167,1,0,Low
CANAS,CUSCO,70,-1.6227866411209106,5.696220874786377,0.9090517861502511,1.4978532886486737,-0.6288355588912964,2.575857400894165,-0.03186153620481491,1.784752607345581,7.319007515907288,1,0,Medium
CANCHIS,CUSCO,134,-6.198119640350342,5.015519618988037,-1.4514767091665695,2.517785536387829,-4.165303707122803,2.3255112171173096,-3.3885409832000732,0.08967158943414688,11.213639259338379,1,0,High
CHUMBIVILCAS,CUSCO,181,-1.9254029989242554,9.130234718322754,1.7392648939269681,1.972281503944066,-0.768382728099823,4.061923503875732,0.48615124821662903,2.948544502258301,11.05563771724701,1,0,Medium
CUSCO,CUSCO,16,0.7849578857421875,4.738937854766846,3.1993322372436523,1.2325360201902384,1.4765996932983398,4.63261604309082,2.574587345123291,4.445781707763672,3.953979969024658,0,0,Medium
ESPINAR,CUSCO,179,-4.944066047668457,1.6796642541885376,-0.9730057529896997,1.3135236883261698,-3.0236425399780273,0.4228576123714447,-1.4048718214035034,-0.10426701605319977,6.623730301856995,1,0,High
LA CONVENCION,CUSCO,1049,-3.055260419845581,22.63620948791504,15.698863128574834,5.825883710346427,7.010541915893555,22.22600555419922,11.827279090881348,21.0925350189209,25.69146990776062,1,0,Low
PARURO,CUSCO,67,0.1815623790025711,11.381192207336426,4.512601482334421,2.8075168624493774,1.3088213205337524,8.512879371643066,2.28525447845459,6.271788597106934,11.199629828333855,0,0,Medium
PAUCARTAMBO,CUSCO,192,-1.2605737447738647,19.985742568969727,9.200363159179688,6.108465980082848,2.052154302597046,18.664220809936523,4.073207378387451,15.01312255859375,21.24631631374359,1,0,Low
QUISPICANCHI,CUSCO,256,-4.807548999786377,21.669824600219727,7.40699577331543,7.956278340936634,-1.4716345071792603,19.060001373291016,0.6921480298042297,16.127473831176758,26.477373600006104,1,0,Low
URUBAMBA,CUSCO,51,-0.4847524166107178,12.424962043762207,4.189278696097579,3.0638758499157337,0.5554133057594299,7.184776306152344,1.5124821662902832,6.3720526695251465,12.909714460372925,1,0,Medium
ACOBAMBA,HUANCAVELICA,30,0.7109408378601074,11.086761474609375,5.429745992024739,2.706032516515972,1.9898756742477417,9.631979942321777,3.9252381324768066,6.709307670593262,10.375820636749268,0,0,Low
ANGARAES,HUANCAVELICA,66,-0.47319379448890686,11.736408233642578,3.472038500236742,3.0038140958023662,0.4641296863555908,7.714383125305176,1.3839902877807617,4.662424087524414,12.209602028131485,1,0,Medium
CASTROVIRREYNA,HUANCAVELICA,129,-1.6986171007156372,14.484232902526855,2.465927242308624,3.9558172320281404,-1.1343690156936646,9.096920013427734,-0.522704541683197,4.697600841522217,16.182850003242493,1,0,Medium
CHURCAMPA,HUANCAVELICA,35,2.447829484939575,14.023632049560547,6.686672537667411,2.863052259332224,3.4643125534057617,10.293852806091309,4.323556900024414,8.288290023803711,11.575802564620972,0,0,Low
HUANCAVELICA,HUANCAVELICA,135,-1.48405921459198,7.732080936431885,1.3558234320746527,2.125486046815742,-0.9997146725654602,4.372010231018066,-0.4906834363937378,2.8399784564971924,9.216140151023865,1,0,Medium
HUAYTARA,HUANCAVELICA,217,-1.0481268167495728,13.177655220031738,3.9044015066964284,3.6994243930672064,-0.26073306798934937,9.788518905639648,1.1395959854125977,6.035279750823975,14.225782036781311,1,0,Medium
TAYACAJA,HUANCAVELICA,124,0.5848879218101501,15.772892951965332,6.812151508946573,4.281142858815071,1.7896137237548828,12.93105697631836,2.9982259273529053,10.206770896911621,15.188005030155182,0,0,Low
AMBO,HUANUCO,54,3.7105815410614014,14.298819541931152,7.545957777235243,2.648772761556376,4.146287441253662,11.090932846069336,5.16848611831665,9.71875286102295,10.588238000869751,0,0,Low
DOS DE MAYO,HUANUCO,41,3.5674540996551514,10.262616157531738,5.5653842832984,1.4768553053838076,3.894327402114868,7.517969131469727,4.323388576507568,6.790913105010986,6.695162057876587,0,0,Low
HUACAYBAMBA,HUANUCO,56,4.864198207855225,14.205636024475098,8.919114794049944,2.8763267383636446,5.739248275756836,12.664705276489258,6.362362384796143,11.882823944091797,9.341437816619873,0,0,Low
HUAMALIES,HUANUCO,102,2.9123189449310303,19.176349639892578,9.119789273131127,4.545479065284382,4.204911231994629,16.520160675048828,5.347281455993652,12.72983169555664,16.264030694961548,0,0,Low
HUENUCO,HUANUCO,133,3.9503180980682373,17.607900619506836,9.850590526609492,3.901162602960255,4.8515305519104,15.17938232421875,6.18955659866333,13.116637229919434,13.657582521438599,0,0,Low
LAURICOCHA,HUANUCO,71,0.26824337244033813,6.151061534881592,3.5078342061647225,1.2752393280912946,1.9677585363388062,5.176201820373535,2.72725772857666,4.415633201599121,5.882818162441254,0,0,Medium
LEONCIO PRADO,HUANUCO,167,10.215354919433594,20.129425048828125,17.613991743076348,1.9319387104401498,15.399568557739258,19.763412475585938,16.463708877563477,19.28985595703125,9.914070129394531,0,0,Low
MARANON,HUANUCO,163,5.037360668182373,20.462493896484375,12.222622549606978,4.667299925530243,6.598931789398193,19.594058990478516,8.268220901489258,16.243118286132812,15.425133228302002,0,0,Low
PACHITEA,HUANUCO,92,3.0759265422821045,15.709701538085938,8.658544125764266,3.1203340461639186,5.132257461547852,12.952930450439453,6.104374885559082,10.994264602661133,12.633774995803833,0,0,Low
PUERTO INCA,HUANUCO,330,8.903979301452637,22.8608341217041,20.97249053030303,2.6067733936990924,16.60209846496582,22.501834869384766,21.291427612304688,22.39264678955078,13.956854820251465,0,0,Low
YAROWILCA,HUANUCO,26,3.702988862991333,6.834321975708008,5.2523944561298075,0.8290344037224684,4.220200061798096,6.3149614334106445,4.659696578979492,5.7147979736328125,3.131333112716675,0,0,Low
CHINCHA,ICA,95,0.14644648134708405,17.85521125793457,12.773509457236843,4.739615341161519,4.806091785430908,16.88142967224121,10.39426040649414,16.095443725585938,17.708764776587486,0,0,Low
ICA,ICA,265,7.63224983215332,16.471433639526367,14.136064637382075,1.3699829400968475,12.49042797088623,15.292369842529297,13.970952033996582,14.832650184631348,8.839183807373047,0,0,Low
NAZCA,ICA,175,12.11608600616455,16.242311477661133,14.747380022321428,0.8738864332555109,13.535938262939453,15.7964506149292,14.246952056884766,15.432479858398438,4.126225471496582,0,0,Low
PALPA,ICA,41,7.471568584442139,16.087900161743164,13.151545826981707,2.3495377889854927,9.64504623413086,15.737098693847656,11.926682472229004,14.971863746643066,8.616331577301025,0,0,Low
PISCO,ICA,135,5.6533660888671875,17.08934211730957,14.507316080729167,2.5594025022659603,10.412617683410645,16.577617645263672,13.960644721984863,16.147998809814453,11.435976028442383,0,0,Low
CHANCHAMAYO,JUNIN,156,4.076919078826904,21.21430015563965,15.036813589242788,4.171032528355857,8.378959655761719,19.07265281677246,12.625181198120117,18.038007736206055,17.137381076812744,0,0,Low
CHUPACA,JUNIN,39,-1.127043604850769,4.997289657592773,0.915660173465044,1.72466475536593,-0.8121767640113831,3.4341161251068115,-0.35993772745132446,1.915170431137085,6.1243332624435425,1,0,Medium
CONCEPCION,JUNIN,74,-0.6639630198478699,9.2916898727417,3.175909506308066,1.8925689757065487,0.8998140096664429,5.3741607666015625,1.961172342300415,4.341069221496582,9.955652892589569,1,0,Medium
HUANCAYO,JUNIN,126,-1.5573997497558594,13.099228858947754,3.385219997829861,3.410754639561249,-0.7583165168762207,8.30911636352539,0.5713162422180176,5.361904621124268,14.656628608703613,1,0,Medium
JAUJA,JUNIN,147,-1.744986891746521,14.0975980758667,3.6042372515412415,3.469200680733963,0.29252269864082336,9.104598045349121,1.2590651512145996,4.655851364135742,15.84258496761322,1,0,Medium
JUNIN,JUNIN,88,0.22964604198932648,13.4441556930542,3.446475289084695,2.697426757905398,0.8465243577957153,7.143345355987549,1.4543614387512207,4.9425740242004395,13.214509651064873,0,0,Medium
SATIPO,JUNIN,646,2.3060951232910156,22.591087341308594,16.69814241486068,4.436145769623067,10.272383689880371,21.048851013183594,14.141881942749023,19.93369483947754,20.284992218017578,0,0,Low
TARMA,JUNIN,90,0.5481197834014893,11.27669906616211,4.252741156684028,2.3123975789042746,1.6992658376693726,7.207652568817139,2.496586799621582,5.73085355758667,10.72857928276062,0,0,Medium
YAULI,JUNIN,118,-1.274257779121399,3.695966958999634,0.6330012305308197,1.1222738964893824,-0.5898051261901855,2.285465955734253,-0.21224728226661682,1.1805763244628906,4.970224738121033,1,0,Medium
ASCOPE,LA LIBERTAD,88,16.976831436157227,19.77030372619629,18.750593705610797,0.4923905695502258,18.254413604736328,19.3132381439209,18.607471466064453,18.988510131835938,2.7934722900390625,0,0,Low
BOLIVAR,LA LIBERTAD,55,5.135982990264893,19.620014190673828,11.466368519176136,4.159891205259185,6.422082424163818,17.52335548400879,7.628417015075684,15.108686447143555,14.484031200408936,0,0,Low
CHEPEN,LA LIBERTAD,39,18.4051456451416,19.292869567871094,18.84882061298077,0.21391071598847194,18.552841186523438,19.13397216796875,18.696189880371094,18.991069793701172,0.8877239227294922,0,0,Low
GRAN CHIMU,LA LIBERTAD,43,7.836397647857666,18.763877868652344,14.61880138308503,3.2267488359353615,10.20576000213623,18.41579246520996,12.33572769165039,17.68748664855957,10.927480220794678,0,0,Low
JULCAN,LA LIBERTAD,37,4.446537017822266,14.572426795959473,8.480425860430744,2.5844754334335835,5.931137561798096,12.328376770019531,6.640182971954346,10.059870719909668,10.125889778137207,0,0,Low
OTUZCO,LA LIBERTAD,69,5.642022609710693,18.598541259765625,11.079844599184783,3.5372983159165448,6.520867347717285,16.228090286254883,8.329293251037598,13.390892028808594,12.956518650054932,0,0,Low
PACASMAYO,LA LIBERTAD,34,18.15445899963379,19.259328842163086,18.772170122931986,0.22641145079401592,18.505922317504883,19.07005500793457,18.64498519897461,18.892181396484375,1.1048698425292969,0,0,Low
PATAZ,LA LIBERTAD,129,4.709420680999756,18.377702713012695,9.683493444161822,3.583261974361565,5.5004448890686035,15.147056579589844,6.560441970825195,12.355731010437012,13.66828203201294,0,0,Low
SANCHEZ CARRION,LA LIBERTAD,83,4.492511749267578,18.197731018066406,9.254719561841114,3.10155016053768,6.019129753112793,13.532275199890137,6.865605354309082,10.891326904296875,13.705219268798828,0,0,Low
SANTIAGO DE CHUCO,LA LIBERTAD,86,4.141730308532715,15.052685737609863,7.099044444949128,2.580171486963852,4.591394424438477,10.859010696411133,5.193867206573486,8.064095497131348,10.910955429077148,0,0,Low
TRUJILLO,LA LIBERTAD,55,15.076255798339844,19.79415512084961,18.278416859019888,1.0476207008196816,16.74691390991211,19.222455978393555,17.99899673461914,18.968955993652344,4.717899322509766,0,0,Low
VIRU,LA LIBERTAD,104,9.0820894241333,18.993528366088867,17.605426494891827,1.8860645671024834,15.13254451751709,18.724245071411133,17.704708099365234,18.619409561157227,9.911438941955566,0,0,Low
CHICLAYO,LAMBAYEQUE,102,14.946385383605957,19.975996017456055,19.053813859528187,0.6695406576113735,18.53772735595703,19.643657684326172,18.847606658935547,19.438121795654297,5.029610633850098,0,0,Low
FERRENAFE,LAMBAYEQUE,55,6.830308437347412,19.704015731811523,15.570006214488636,4.587188320822124,8.593096733093262,19.38222312927246,11.137739181518555,19.187076568603516,12.873707294464111,0,0,Low
LAMBAYEQUE,LAMBAYEQUE,306,8.330687522888184,20.22213363647461,19.22524126838235,1.236413388840506,18.751869201660156,19.89104461669922,19.16744613647461,19.766448974609375,11.891446113586426,0,0,Low
BARRANCA,LIMA,44,15.565442085266113,18.055259704589844,17.54306585138494,0.4408694490458689,17.030271530151367,17.935997009277344,17.45068359375,17.836008071899414,2.4898176193237305,0,0,Low
CAJATAMBO,LIMA,49,0.9765632152557373,15.334221839904785,7.017006387515944,4.0435745668234375,2.4558067321777344,12.804673194885254,3.6418187618255615,9.847214698791504,14.357658624649048,0,0,Low
CANETE,LIMA,154,3.2647647857666016,17.6152400970459,15.717687829748376,2.0762199201875617,13.178961753845215,17.288522720336914,15.22016716003418,16.990764617919922,14.350475311279297,0,0,Low
CANTA,LIMA,57,-0.4572353661060333,16.95368766784668,8.972292716043038,5.863080009428133,0.8969844579696655,16.359451293945312,3.028163194656372,14.803244590759277,17.410923033952713,1,0,Low
HUARAL,LIMA,120,0.5277289748191833,17.850383758544922,10.890911865234376,6.290063258769919,1.4739696979522705,17.210948944091797,4.29136323928833,16.955795288085938,17.32265478372574,0,0,Low
HUAROCHIRI,LIMA,190,-0.7392763495445251,16.701698303222656,6.668260433799342,5.391637059806859,0.41909259557724,15.071051597595215,1.737093210220337,11.447362899780273,17.44097465276718,1,0,Low
HUAURA,LIMA,163,1.5214018821716309,18.68623161315918,13.475398713094325,5.3545884632092955,3.705838203430176,17.845369338989258,10.623805046081543,17.35310173034668,17.16482973098755,0,0,Low
OYON,LIMA,65,1.0010250806808472,12.988713264465332,3.7999302790715146,2.668058129017386,1.3404568433761597,7.681266784667969,1.8037351369857788,5.234605312347412,11.987688183784485,0,0,Medium
YAUYOS,LIMA,229,-1.6044946908950806,15.018173217773438,3.7394971556018013,4.474737582825277,-0.5725629329681396,11.08248519897461,0.1692749708890915,6.962089538574219,16.622667908668518,1,0,Medium
LIMA,LIMA PROVINCE,87,14.51685619354248,18.82556915283203,16.94983190777658,0.9273267911863026,15.594332695007324,18.32880210876465,16.50505828857422,17.43948745727539,4.308712959289551,0,0,Low
ALTO AMAZONAS,LORETO,2158,15.102799415588379,23.91180992126465,22.677985982391103,1.1123689722026033,22.010360717773438,23.36174964904785,22.691804885864258,23.19183349609375,8.80901050567627,0,0,Low
LORETO,LORETO,2227,22.407033920288086,23.143463134765625,22.828595083071395,0.1563203142769081,22.590049743652344,23.00119400024414,22.693042755126953,22.955429077148438,0.7364292144775391,0,0,Low
MARISCAL RAMON CASTILLA,LORETO,1271,22.663803100585938,23.515365600585938,23.008955792682926,0.1226838451551935,22.819490432739258,23.150161743164062,22.9442138671875,23.091468811035156,0.8515625,0,0,Low
MAYNAS,LORETO,4290,21.38187599182129,23.336503982543945,22.824031177156176,0.19153422327145408,22.600801467895508,23.098052978515625,22.679479598999023,22.95319175720215,1.9546279907226562,0,0,Low
REQUENA,LORETO,1292,21.23670768737793,22.995994567871094,22.5645952254257,0.3234608629159817,22.08957290649414,22.862367630004883,22.471813201904297,22.786348342895508,1.759286880493164,0,0,Low
UCAYALI,LORETO,986,14.655349731445312,22.916440963745117,21.603234343306287,1.4164632685663079,19.53770637512207,22.608253479003906,21.355388641357422,22.424741744995117,8.261091232299805,0,0,Low
MANU,MADRE DE DIOS,936,5.169679164886475,22.856164932250977,21.162399422409187,2.564179760185645,18.066909790039062,22.583221435546875,21.244091033935547,22.475894927978516,17.686485767364502,0,0,Low
TAHUAMANU,MADRE DE DIOS,671,21.645566940307617,22.2511043548584,21.961100502980624,0.11460676263014173,21.80397605895996,22.102094650268555,21.886417388916016,22.04083251953125,0.6055374145507812,0,0,Low
TAMBOPATA,MADRE DE DIOS,1189,21.21115493774414,22.851102828979492,22.273401361438182,0.29765415599229994,21.86614418029785,22.64912986755371,22.07768440246582,22.519304275512695,1.6399478912353516,0,0,Low
GENERAL SANCHEZ CERRO,MOQUEGUA,195,-5.420029163360596,13.940906524658203,1.8119103064903845,5.3489912927577326,-3.9007904529571533,10.354592323303223,-2.7047173976898193,6.018067359924316,19.3609356880188,1,0,Medium
ILO,MOQUEGUA,46,11.760368347167969,18.044506072998047,15.250509510869565,1.4712807935420666,13.352001190185547,17.130245208740234,14.238048553466797,16.461427688598633,6.284137725830078,0,0,Low
MARISCAL NIETO,MOQUEGUA,300,-6.549747943878174,15.288010597229004,5.725122884114583,7.754815681150942,-5.369152069091797,13.53982925415039,-3.3933966159820557,12.890246391296387,21.837758541107178,1,1,Low
DANIEL ALCIDES CARRION,PASCO,51,0.9636637568473816,8.820540428161621,3.7318288765701593,1.7916393682059897,1.6594802141189575,6.448574066162109,2.46760630607605,4.623434543609619,7.8568766713142395,0,0,Medium
OXAPAMPA,PASCO,576,3.3346595764160156,22.260225296020508,17.779561360677082,4.279512983327762,11.340644836425781,21.800785064697266,16.50499725341797,21.356983184814453,18.925565719604492,0,0,Low
PASCO,PASCO,156,0.2979336678981781,10.991156578063965,3.1536227495242386,2.0896077082394937,0.9736514687538147,6.004129409790039,1.7396281957626343,4.123115062713623,10.693222910165787,0,0,Medium
AYABACA,PIURA,169,9.43001651763916,21.312021255493164,16.617755235299555,3.118512017128886,11.91862964630127,20.709794998168945,14.52773666381836,19.414365768432617,11.882004737854004,0,0,Low
HUANCABAMBA,PIURA,142,8.524504661560059,20.632539749145508,14.145077987455986,3.144578102552809,10.215734481811523,18.716079711914062,11.586996078491211,16.843229293823242,12.10803508758545,0,0,Low
MORROPON,PIURA,125,11.264362335205078,20.8268985748291,19.49333203125,1.88067215192724,17.63571548461914,20.534265518188477,19.61040496826172,20.3868465423584,9.562536239624023,0,0,Low
PAITA,PIURA,58,19.85409164428711,21.031583786010742,20.514667379445044,0.3059780638545674,20.080421447753906,20.86901092529297,20.203041076660156,20.74976348876953,1.1774921417236328,0,0,Low
PIURA,PIURA,200,19.21367835998535,21.251148223876953,20.56194091796875,0.4444643696180422,19.939395904541016,21.07387351989746,20.173948287963867,20.947824478149414,2.0374698638916016,0,0,Low
SECHURA,PIURA,211,18.812286376953125,21.074357986450195,20.17370084789692,0.4514442133910996,19.57647705078125,20.74112892150879,19.884105682373047,20.496021270751953,2.2620716094970703,0,0,Low
SULLANA,PIURA,174,18.232370376586914,21.570981979370117,20.643049568965516,0.6867844447764692,19.68234634399414,21.257080078125,20.408374786376953,21.121540069580078,3.338611602783203,0,0,Low
TALARA,PIURA,93,19.445035934448242,21.938833236694336,20.848044774865592,0.47366718186291756,20.340238571166992,21.25918197631836,20.589719772338867,21.05703353881836,2.4937973022460938,0,0,Low
AZANGARO,PUNO,179,-3.4250576496124268,4.940865516662598,0.11020967281064507,1.5686141704970942,-2.3084683418273926,1.671895980834961,-1.0845552682876587,1.1010472774505615,8.365923166275024,1,0,Medium
CARABAYA,PUNO,394,-5.897321701049805,22.23100471496582,7.083899483462881,9.519989698434939,-3.164557456970215,20.769989013671875,-1.7887324094772339,17.510974884033203,28.128326416015625,1,0,Low
CHUCUITO,PUNO,134,-5.608085632324219,4.699281215667725,-1.4068354136908232,1.7504305730312995,-4.3521809577941895,0.37736254930496216,-2.084017038345337,-0.4686385989189148,10.307366847991943,1,0,High
EL COLLAO,PUNO,190,-8.722503662109375,4.919760704040527,-3.6028005499588818,2.5816914266553135,-6.532101631164551,0.15434914827346802,-5.481492042541504,-2.478335380554199,13.642264366149902,1,1,High
HUANCANE,PUNO,93,-3.2641208171844482,2.1764752864837646,-0.35334630166330644,1.4565237053945226,-2.4202303886413574,1.1359024047851562,-1.9148426055908203,0.8205789923667908,5.440596103668213,1,0,High
LAGO TITICACA,PUNO,178,-0.005903959274291992,7.528022289276123,5.302348276202598,1.4527098911670626,2.867863655090332,6.4036946296691895,4.862458229064941,6.205129623413086,7.533926248550415,1,0,Low
LAMPA,PUNO,193,-4.93802547454834,3.6138572692871094,-2.180770004351522,1.8443572539247146,-4.321999549865723,0.4600849449634552,-3.8046348094940186,-0.6113542914390564,8.55188274383545,1,0,High
MELGAR,PUNO,222,-4.832971096038818,2.273839235305786,-1.5516170467342343,1.4107082960513793,-3.5850439071655273,0.11391126364469528,-2.4959192276000977,-0.5810717940330505,7.1068103313446045,1,0,High
MOHO,PUNO,36,-2.456862688064575,4.578619956970215,0.3383791446685791,1.4231674806638561,-1.3270912170410156,2.044745445251465,-0.46930721402168274,0.7320941686630249,7.03548264503479,1,0,Medium
PUNO,PUNO,219,-5.336929798126221,5.8441481590271,-0.8431514931596034,2.334376685433032,-3.7707467079162598,2.2716190814971924,-2.503750801086426,0.9315669536590576,11.18107795715332,1,0,High
SAN ANTONIO DE PUTINA,PUNO,106,-5.046488285064697,11.107073783874512,-1.0551261901855469,2.5543838724768,-3.2732272148132324,0.9983094930648804,-2.7013893127441406,0.19941043853759766,16.15356206893921,1,0,High
SAN ROMAN,PUNO,76,-3.1558520793914795,2.226698875427246,-0.40916370090685394,1.4611982570224198,-2.336273670196533,1.4821454286575317,-1.8867567777633667,0.760285496711731,5.382550954818726,1,0,High
SANDIA,PUNO,415,-3.0056984424591064,22.712974548339844,14.580908791415663,7.3961449843723654,2.0129263401031494,22.52823257446289,11.164016723632812,21.637815475463867,25.71867299079895,1,0,Low
YUNGUYO,PUNO,8,0.47674068808555603,4.027053356170654,2.0360023975372314,1.2472743067380043,0.6107260584831238,3.63226056098938,1.044607162475586,2.9218273162841797,3.5503126680850983,0,0,Medium
BELLAVISTA,SAN MARTIN,254,15.626734733581543,22.677263259887695,19.59083953617126,1.5640015154359093,17.668317794799805,21.491195678710938,18.29075813293457,21.031814575195312,7.050528526306152,0,0,Low
EL DORADO,SAN MARTIN,43,15.15539836883545,21.57851219177246,19.29197515443314,1.9581688970981679,16.319564819335938,21.397977828979492,17.794410705566406,21.167953491210938,6.423113822937012,0,0,Low
HUALLAGA,SAN MARTIN,78,12.30398941040039,22.043859481811523,18.449544270833332,2.6069879517424552,14.354732513427734,21.497901916503906,16.71426773071289,20.440715789794922,9.739870071411133,0,0,Low
LAMAS,SAN MARTIN,166,15.591651916503906,22.998430252075195,20.160041533320783,2.04474434875059,17.357789993286133,22.498796463012695,18.403484344482422,22.307552337646484,7.406778335571289,0,0,Low
MARISCAL CACERES,SAN MARTIN,473,4.6874823570251465,22.09869384765625,14.667574408694502,4.959904991906486,6.601888656616211,20.882963180541992,10.983570098876953,19.001920700073242,17.411211490631104,0,0,Low
MOYOBAMBA,SAN MARTIN,123,15.095500946044922,19.530710220336914,18.073452585111788,1.1047884750456842,16.529983520507812,19.213361740112305,17.335391998291016,19.055191040039062,4.435209274291992,0,0,Low
PICOTA,SAN MARTIN,66,19.12108039855957,22.287260055541992,21.040421919389203,0.9521054125313949,19.530590057373047,22.05356788635254,20.20140266418457,21.85845375061035,3.166179656982422,0,0,Low
RIOJA,SAN MARTIN,86,7.875890254974365,19.62027931213379,15.959038313045058,3.0655986986319035,11.34304428100586,19.22796630859375,14.057474136352539,18.637882232666016,11.744389057159424,0,0,Low
SAN MARTIN,SAN MARTIN,158,17.902727127075195,22.471481323242188,21.5727909909019,0.9444740963419823,20.111726760864258,22.397600173950195,21.12968635559082,22.30893898010254,4.568754196166992,0,0,Low
TOCACHE,SAN MARTIN,198,5.107381343841553,21.200777053833008,16.501383463541668,4.335521718115508,8.734469413757324,20.56844711303711,13.563238143920898,19.976417541503906,16.093395709991455,0,0,Low
CANDARAVE,TACNA,75,-8.273414611816406,10.243922233581543,-2.3967905680338544,4.595976396804968,-6.5194926261901855,4.794352054595947,-6.019096374511719,0.8477786779403687,18.51733684539795,1,1,High
JORGE BASADRE,TACNA,93,1.8765379190444946,18.102863311767578,13.190164545530914,3.3207207645760586,8.340749740600586,16.26844024658203,12.770951271057129,15.103168487548828,16.226325392723083,0,0,Low
TACNA,TACNA,281,-6.804277420043945,17.556034088134766,10.42744418649911,6.957807850816854,-4.26618766784668,15.901268005371094,8.823125839233398,15.267176628112793,24.36031150817871,1,0,Low
TARATA,TACNA,93,-8.782925605773926,12.472661018371582,0.32351930679813506,6.465984917531918,-6.419893264770508,8.86071491241455,-5.757325649261475,6.590578556060791,21.255586624145508,1,1,Medium
CONTRALMIRANTE VILLAR,TUMBES,71,18.646804809570312,22.482881546020508,21.76674082581426,0.7641494387631175,20.972578048706055,22.332677841186523,21.562589645385742,22.25055694580078,3.8360767364501953,0,0,Low
TUMBES,TUMBES,59,18.090879440307617,22.982765197753906,21.54784328654661,1.1335107758945493,20.082597732543945,22.753036499023438,20.590526580810547,22.49384307861328,4.891885757446289,0,0,Low
ZARUMILLA,TUMBES,23,19.956510543823242,22.936967849731445,21.845241380774457,0.9462975131149881,20.322467803955078,22.870649337768555,21.119312286376953,22.627201080322266,2.980457305908203,0,0,Low
ATALAYA,UCAYALI,1274,15.29529094696045,22.8758544921875,21.945967118818682,1.39638852648898,21.178632736206055,22.675445556640625,22.19659423828125,22.510398864746094,7.580563545227051,0,0,Low
CORONEL PORTILLO,UCAYALI,1286,15.279991149902344,23.22005271911621,22.241494945567652,0.617658969178143,22.03317642211914,22.569660186767578,22.187549591064453,22.447532653808594,7.940061569213867,0,0,Low
PADRE ABAD,UCAYALI,304,14.998992919921875,22.481042861938477,21.263418097245065,1.7674175831530654,18.520708084106445,22.37052345275879,21.011127471923828,22.299320220947266,7.482049942016602,0,0,Low
PURUS,UCAYALI,601,21.67899513244629,22.29534912109375,22.05560556624376,0.13322647295903967,21.86981964111328,22.21247673034668,21.965280532836914,22.16874885559082,0.6163539886474609,0,0,Low
